phrase,recording_count,phrase_type
OK Google,591,Target (Common)
Birthday parties have cupcakes and ice cream,591,Target (Common)
My voice is my password,591,Target (Common)
A watched pot never boils,591,Target (Common)
Only lawyers love millionaires,591,Target (Common)
Actions speak louder than words,591,Target (Common)
Artificial intelligence is for real,591,Target (Common)
There's no such thing as a free lunch,591,Target (Common)
Jealousy has twenty-twenty vision,567,Target (Common)
Necessity is the mother of invention,567,Target (Common)
But he insisted he will be in prague,31,Target (Minor)
The hawks suffered their third straight defeat,31,Target (Minor)
Open sesame,31,Target (Minor)
Best first feature in the bedroom,31,Target (Minor)
It was not exactly on a roll,31,Target (Minor)
My voice tells who I am,31,Target (Minor)
After all they are only human,31,Target (Minor)
It is becoming business as usual,31,Target (Minor)
Those fears have now been dashed,31,Target (Minor)
It's time to create your own identity,31,Target (Minor)
In double coverage triple coverage didn't matter,31,Target (Minor)
I wish i could be like other boys,31,Target (Minor)
We have to thread the needle,29,Free-Text
I'm very confident in this team,29,Free-Text
But even that has been spoiled,29,Free-Text
What is your advice to voters,29,Free-Text
That touched off a shouting spree,29,Free-Text
Dressing the stars can be risky business,29,Free-Text
The cup hasn't traditionally been that way,26,Free-Text
There can be miracles when you believe,26,Free-Text
It's very hard to measure that he added,26,Free-Text
I hope police go to jail he said,26,Free-Text
He who laughs last laughs longest,26,Free-Text
At least it sounds good to say so,26,Free-Text
Money is the root of all evil,23,Free-Text
Yes he said looking away annoyed,23,Free-Text
And one last reason not to pick gordon,23,Free-Text
Within moments the discussion heats up,23,Free-Text
All paths take you to Rome,23,Free-Text
That prestige has been hard hit this year,23,Free-Text
He worries just as much about his weight,23,Free-Text
Say hi to your teacher,23,Free-Text
Boone also tried to hire him simpson said,23,Free-Text
Sixteen others were given first aid,23,Free-Text
It felt really good but highly unstable,23,Free-Text
It is simply an humanitarian appeal said mills,23,Free-Text
Roads to nowhere became roads to somewhere,23,Free-Text
The verdict put another country on the barbie,23,Free-Text
Unfortunately the artists are suffering the fallout too,23,Free-Text
But this year things look different,23,Free-Text
We love you tiger someone said,23,Free-Text
Their other demands were not immediately known,23,Free-Text
Obsession may be more like it,23,Free-Text
Both boys are above average students,23,Free-Text
Neither side disclosed terms of the settlement,23,Free-Text
European commission research commissioner louis michel,23,Free-Text
Hardly any of them can be measured,23,Free-Text
"Resistence is futile, you will be assimilated",23,Free-Text
Self motivation is the best motivation,22,Free-Text
What did he threaten to do randall asked,22,Free-Text
Human beings are wildly irrational,22,Free-Text
No further details of the incident were disclosed,22,Free-Text
Don't sweat the small stuff,22,Free-Text
So we were stupid sometimes stupid looks good,22,Free-Text
Take your clothes and leave from here,22,Free-Text
Corn and soybeans also posted gains,22,Free-Text
I want your job she told him,22,Free-Text
You want to smoke go outside he said,22,Free-Text
The russian foreign ministry issued a similar statement,22,Free-Text
Australia win toss and bat in third test,22,Free-Text
One loyal friend is worth ten thousand relatives,22,Free-Text
Watchdog to guard spirit of constitution,22,Free-Text
China focus literacy classes change farmers' fate,22,Free-Text
Dates in the life of gerald ford,22,Free-Text
Beijing to hold international auto show,22,Free-Text
From on friendship by frank pool,22,Free-Text
It was almost hard to believe,22,Free-Text
People are expecting another big build he said,22,Free-Text
Russian prime minister arrives in beijing,22,Free-Text
On monday night san francisco is at detroit,22,Free-Text
Just what is so charming about this show,22,Free-Text
Naturally people also brought up the weather,22,Free-Text
But the settlers were not buying it,18,Free-Text
Call him a romantic he's been called worse,18,Free-Text
The rat race will never be the same,18,Free-Text
It's way past time to make some changes,18,Free-Text
Spain and greece will meet in sunday's final,18,Free-Text
And the truly wild thing he might win,18,Free-Text
The owls are not what they seem,18,Free-Text
Yeah well chris ford thought so too,18,Free-Text
That didn't make up for it she said,18,Free-Text
Indonesia and malaysia also made similar points,18,Free-Text
I didn't walk around the neighborhood he said,18,Free-Text
LSTM's can model sequences,18,Free-Text
Lawyers indicated the three may appeal,17,Free-Text
Does that make her your favorite character,17,Free-Text
Clinton has repeatedly denied the allegations,17,Free-Text
The council said it was considering an appeal,17,Free-Text
Machine Learning is very interesting,17,Free-Text
Uncertainty moreover they noted that modernization of,17,Free-Text
My favourite color is blue,17,Free-Text
Oh well the kids probably will enjoy it,17,Free-Text
May the force be with you,17,Free-Text
Optimism and uncertainty appeared in equal measure,17,Free-Text
The second reason is a short chemistry lesson,17,Free-Text
China encourages enterprises to invest in kenya,17,Free-Text
Especially if that fantasy involves the theater,17,Free-Text
Other junior ministers had been named tuesday,17,Free-Text
We'll have a decision to make tracy said,17,Free-Text
None of the defendants testified during the trial,17,Free-Text
Of course it depends on whom you ask,17,Free-Text
He's kept his word and stayed in brazil,17,Free-Text
Live long and prosper,17,Free-Text
Maybe i better go down there he said,17,Free-Text
That's the sixty million dollar question said walsh,17,Free-Text
Blair under pressure to announce departure date,17,Free-Text
Full board includes breakfast lunch and dinner,17,Free-Text
The golf course is perfect he said,17,Free-Text
Soldiers have come to hate the place,16,Free-Text
So has dad been calling with advice,16,Free-Text
I often fall asleep while relaxing after dinner,16,Free-Text
That however wasn't enough to guarantee a conviction,16,Free-Text
This is Judy Chen,16,Free-Text
This is Liping Chen,16,Free-Text
A breakdown of the data for april showed,15,Free-Text
Not being an applicant for amnesty,15,Free-Text
Greece now has three points from three games,15,Free-Text
Picture paints a thousand words,15,Free-Text
Troy brown is a smart football player,15,Free-Text
At a general agreement of tariffs and trade,15,Free-Text
The new data could settle the issue,15,Free-Text
good bye to all that,15,Free-Text
At this point grossman nearly shouts,15,Free-Text
The scout meeting starts in a few minutes,15,Free-Text
Any money raised would go to the state,15,Free-Text
Ferry service resumed thursday morning,15,Free-Text
Young personality of the year andrew murray,15,Free-Text
We have to do something she said,15,Free-Text
live long and prosper,15,Free-Text
It only got worse for hawaii,15,Free-Text
It cannot be resolved by south korea,15,Free-Text
The headlines around south asia on wednesday,15,Free-Text
That sector would be the garage sale,15,Free-Text
Bush however had the crowd behind him,15,Free-Text
The warm feeling may not last very long,15,Free-Text
that which cannot continue will stop,15,Free-Text
Come on wipe off that bitter beer face,15,Free-Text
so long and thanks for all the fish,15,Free-Text
But the change in tribal leadership altered that,15,Free-Text
Among other measures adopted by china,15,Free-Text
We cannot entirely blame the animals,15,Free-Text
There have been other changes as well,15,Free-Text
Burt reynolds has become downright scary,15,Free-Text
Common wisdom would say such people are doomed,15,Free-Text
Just another day at the office he said,15,Free-Text
Now they inspire as much confidence as,15,Free-Text
The military is investigating the incident it added,15,Free-Text
The green house from the horrors of war,15,Free-Text
Nevada not on my watch he said,15,Free-Text
A penny for your thoughts,15,Free-Text
Hayes for one believes that will happen,14,Free-Text
So does the entire cowboys offense,14,Free-Text
Life is pretty good for us he said,14,Free-Text
Is there any inflation like baseball inflation,14,Free-Text
How about a look inside that closet,14,Free-Text
At least three other proposals are also emerging,14,Free-Text
Kobyla ma maly bok,14,Free-Text
the gods must be crazy,14,Free-Text
There was only one way to find out,14,Free-Text
But critics say the county's rationale is faulty,14,Free-Text
One heartbreak one throat lump not enough,14,Free-Text
Bailey wins world super jockey series,14,Free-Text
The radio report did not give other details,14,Free-Text
Company news news by industry regional,14,Free-Text
A glance at some major findings,14,Free-Text
The civil rights division of the justice department,14,Free-Text
No casualties were reported at the moment,14,Free-Text
Hovno s makem a tabakem,14,Free-Text
A year ago expectations is going to go,14,Free-Text
The legislative caucus of the opposition kuomintang legislator,14,Free-Text
Still he expressed hope for the future,14,Free-Text
Strikes can cost an employer dearly,14,Free-Text
one flew over the cuckoo's nest,14,Free-Text
Adapted from dim sum the essential kitchen,14,Free-Text
The action is always hot sometimes too hot,13,Free-Text
They were pleased by the decision wednesday,13,Free-Text
Jordan announced they would appeal the decision,13,Free-Text
What can I do for you?,13,Free-Text
The name is weird but the appeal straightforward,13,Free-Text
Hong Kong democracy now,13,Free-Text
The cleveland cavaliers waived reserve guard greg graham,13,Free-Text
Friedman said the modifications satisfied any antitrust concerns,13,Free-Text
To carry an oily rag like that,13,Free-Text
And so graduate you have a choice,13,Free-Text
Germany play portugal for world cup third place,13,Free-Text
I will be right here waiting for you.,13,Free-Text
The bill still drew controversy as clinton signed,13,Free-Text
He just got into a lot of things,13,Free-Text
Maybe the governor should give her a promotion,13,Free-Text
And this is called the ethics commission remember,13,Free-Text
Much of country is covered with thick forests,13,Free-Text
Arroyo could not be immediately reached for comment,13,Free-Text
What kind of lamb enjoys working out,13,Free-Text
Such people cannot be your friends,13,Free-Text
This is the england that tony blair controls,13,Free-Text
Other topics on the agenda tuesday,13,Free-Text
Two advertisers have named new agencies,13,Free-Text
No state constitutional amendment can rewrite that conclusion,13,Free-Text
India sends biggest delegation and the most ships,12,Free-Text
Police would not comment on the attack,12,Free-Text
Is your workplace safe for children,12,Free-Text
Two faces of a franchise are broken,12,Free-Text
But it isn't all about healthier choices,12,Free-Text
I don't think that I love you.,12,Free-Text
Tan could not be immediately reached for comment,12,Free-Text
I work in the Institute for Infocomm Research,12,Free-Text
Falling in love is magical and scientific,12,Free-Text
"Everything should be as simple as possible, but not simpler",12,Free-Text
Photos by craig lee the chronicle,12,Free-Text
Making reservations and not showing up,12,Free-Text
They can either give up or be destroyed,12,Free-Text
Gene kelly just knows everyone loves him,12,Free-Text
Among the provisions in the pension reform section,12,Free-Text
Do not bend or twist audio cables,12,Free-Text
English football tables after monday's matches,12,Free-Text
The opposition said arroyo should step down,12,Free-Text
The calendar is free of any economic releases,12,Free-Text
EAST OR WEST HOME IS BEST,12,Free-Text
Then most probably i'll retire he added,12,Free-Text
When i saw that little television i despaired,12,Free-Text
Any outcome could be challenged in court,12,Free-Text
Here's a look at the new choices,12,Free-Text
But others absorbed the lessons of their predecessors,12,Free-Text
And the worst has yet to come,12,Free-Text
Do you know any good restaurants,12,Free-Text
Texas instruments officials declined to comment,12,Free-Text
Other pieces of the package include,12,Free-Text
Both measures were first announced monday,12,Free-Text
We're looking at all alternatives paris said,12,Free-Text
The age melbourne australia on the middle east,12,Free-Text
We will intervene if necessary he added,12,Free-Text
That's one major implication he pointed out,12,Free-Text
Here's how the transcript might have read,12,Free-Text
We'll do everything to find him he said,12,Free-Text
That could prove to be very difficult,12,Free-Text
To be concentrated and stop wasting time,12,Free-Text
But the farmers have suffered from extremes,12,Free-Text
Welcome to the greens at augusta national,12,Free-Text
The sisters of course see things differently,12,Free-Text
I want to read her latest book,12,Free-Text
If only the shoppers would believe it,12,Free-Text
The time was ripe for rebellion,12,Free-Text
I live in Jurong west Singapore,12,Free-Text
Other state run companies reported normal operations,12,Free-Text
The cause of poisoning has been unknown yet,12,Free-Text
"No Bees, No Honey, No Work, No Money",12,Free-Text
There was no report on any casualties,12,Free-Text
Resistence is futile,12,Free-Text
He ended up in factory jobs,12,Free-Text
The impact extends far beyond the city,12,Free-Text
To play well and win is extra special,12,Free-Text
A there is a market for everything,12,Free-Text
She was humble about her garden,12,Free-Text
You had a good finish coming in,12,Free-Text
My mother called me out warren said,12,Free-Text
It is a growing although invisible problem,12,Free-Text
Fried chicken cooked in microwave wins trip,12,Free-Text
Why the early polls three reasons they explained,12,Free-Text
Teen people to launch in february,12,Free-Text
But he may never get the chance,12,Free-Text
The rivalry at times has been acute,12,Free-Text
At least they're starting with good day jobs,12,Free-Text
The problem he says is television,12,Free-Text
One more time home runs blown saves,12,Free-Text
"Diane, I am now upside-down",12,Free-Text
The suit doesn't describe the paintings in dispute,12,Free-Text
Live is like a chocolate.,12,Free-Text
Achievement in visual effects king kong,12,Free-Text
Until it is of spreading consistency top with,12,Free-Text
African foreign ministers meet in libya,12,Free-Text
Settlement to help a tobacco region,10,Free-Text
I can because i think i can,10,Free-Text
China's economic efficiency indicators paper making paper products,10,Free-Text
It overturned in waves about three meters high,10,Free-Text
Due diligence vital for successful mergers,10,Free-Text
Among the casualties were two children,10,Free-Text
Juliet Alpha Victor Alpha,10,Free-Text
Joint ministerial meetings every six months,10,Free-Text
Giuliani however wanted to be held accountable,10,Free-Text
You have to get along with your stars,10,Free-Text
The talks in cairo are to continue wednesday,10,Free-Text
Result in the french first division wednesday,10,Free-Text
Our society together our nation's employers and citizens,10,Free-Text
There were problems almost from the start,10,Free-Text
The national team sponsor is coca cola,10,Free-Text
Five percent growth of gross domestic product,10,Free-Text
Goals determine what you are going to be,10,Free-Text
Lesson learning about life in the jungle,10,Free-Text
It was like jumping on a freight train,10,Free-Text
Nobody asked him not to work he said,10,Free-Text
And you're upset because he's a close friend,10,Free-Text
The other suspects have since been released,10,Free-Text
The energy department's weekly petroleum report also showed,10,Free-Text
Golf India Lima Lima Echo Sierra,10,Free-Text
Their lawyers could not be reached for comment,10,Free-Text
The investigation is expected to take two weeks,10,Free-Text
Phil jackson is staying right where he is,10,Free-Text
I was told that was a normal reaction,10,Free-Text
When will things slow down not anytime soon,10,Free-Text
And why should his new team be different,10,Free-Text
Among problems cited by court officials,9,Free-Text
Comrades you go right path,9,Free-Text
In that case maybe they could charge more,9,Free-Text
No suspects have yet been named,9,Free-Text
Scottish premier league table after wednesday's match,9,Free-Text
Jim short liberal party assistant treasurer,9,Free-Text
Villagers provided two versions for the incident,9,Free-Text
No it accelerated pretty fast he said,9,Free-Text
What's it like working with your boyfriend,9,Free-Text
A huge export ramp up will take time,9,Free-Text
See what i mean some things never change,9,Free-Text
It means all hospitals are represented,9,Free-Text
Hang seng china enterprises index higher,9,Free-Text
The right answer and your point is,9,Free-Text
Everyone contributed from the star of the team,9,Free-Text
My name is Paola,9,Free-Text
It's like he's just toying with everybody,9,Free-Text
Asia pacific european and wall street bourses,9,Free-Text
I am very handsome,9,Free-Text
Everyone was talking about him even his peers,9,Free-Text
Whatever the result it will be challenged,9,Free-Text
I'm fine bonds stated after the game,9,Free-Text
I don't think we can survive much longer,9,Free-Text
Other relief agencies haven't been spared either,9,Free-Text
Armstrong thought something was wrong the night before,9,Free-Text
This is a real head to head showdown,9,Free-Text
The company was cautious about any turnaround,9,Free-Text
How does he explain needing that much money,9,Free-Text
Above us only sky,9,Free-Text
The company had no comment thursday night,9,Free-Text
Financing is getting more creative too,9,Free-Text
I'm not surprised by anything he said,9,Free-Text
Plan outlines vision for unified downtown,9,Free-Text
But he also has a sentimental attraction,9,Free-Text
Prudential has four offices in asia,9,Free-Text
And they are looking for recruits,9,Free-Text
Family for the glory of GOD,9,Free-Text
I look forward to the trip nice city,9,Free-Text
Bush was put on the defense as well,9,Free-Text
The groups see those as token measures,9,Free-Text
I am very happy,9,Free-Text
Are you talking to me,9,Free-Text
The turkish press on saturday agreed,9,Free-Text
Besides looking pretty daisy has talents,9,Free-Text
The news briefly startled oil markets,9,Free-Text
Arroyo said corpus is currently in south korea,9,Free-Text
His remarkable run was about to end,9,Free-Text
San payne scored three conversions and a penalty,9,Free-Text
And tax laws do little to encourage donations,9,Free-Text
No other information was immediately released,9,Free-Text
I just want everybody to be happy,9,Free-Text
Construction will begin later this year as,9,Free-Text
Parliament is to debate the issue thursday,9,Free-Text
Until then though much work must be done,9,Free-Text
Handlers often know their names and pat them,9,Free-Text
Getting people to grow their own vegetables,9,Free-Text
Not all the evidence is encouraging,9,Free-Text
Cruises south pacific and vietnam,9,Free-Text
Jones gave wales a four point lead,9,Free-Text
We are a family,9,Free-Text
I am the princess of my kingdom,9,Free-Text
It's a very very complicated issue he said,9,Free-Text
He was believed to be washington's favorite choice,9,Free-Text
There's no place like home,9,Free-Text
I took my uniforms to them he said,9,Free-Text
But remember there's nothing personal about this,9,Free-Text
The cancer he said two years ago,9,Free-Text
Information from the wall street journal,9,Free-Text
The further adventures of ace warner software detective,9,Free-Text
Only employees and their families can attend,9,Free-Text
The public are entitled to see parliament,9,Free-Text
Singapore is a very beautiful country,9,Free-Text
What can you do with a philosophy degree,9,Free-Text
The issue will be discussed next month,9,Free-Text
But prices are given in pounds sterling only,9,Free-Text
How much longer do you have to work,9,Free-Text
Everyone has the right to pursure happiness,9,Free-Text
Anywhere there's a computer you can find out,9,Free-Text
Atlanta olympic officials had no immediate comment,8,Free-Text
Beyond that little can be predicted with confidence,8,Free-Text
The belief levels among cereal industry analysts vary,8,Free-Text
Pass new gun safety measures,8,Free-Text
The destitute poverty and prejudice breed ignorance,8,Free-Text
Passionate desire for a notorious man,8,Free-Text
I am a good boy,8,Free-Text
Senior chinese leader calls for creative research,8,Free-Text
Designing that search is also the nation's task,8,Free-Text
White or black pepper ground to taste,8,Free-Text
Female actor in a drama series,8,Free-Text
It's all been pretty devastating miller said,8,Free-Text
Joy double digit growth in recent years,8,Free-Text
The commission would be functioning soon he said,8,Free-Text
Details of the meeting were not available,8,Free-Text
Two northern tanks were destroyed he added,8,Free-Text
Do you feel lucky,8,Free-Text
Employers meanwhile weighed in with their own worries,8,Free-Text
Saving private ryan was their favorite,8,Free-Text
Two other defendants were found not guilty,8,Free-Text
Defense lawyers said they would appeal the decision,8,Free-Text
She kept her end of the bargain,8,Free-Text
Said roberts we are moving on,8,Free-Text
To be a better man,8,Free-Text
He said negotiations would begin in june,8,Free-Text
Something is cooking at nestle indonesia,8,Free-Text
whats wrong with potatoes,8,Free-Text
My voice is my passport,8,Free-Text
The two were detained for questioning,8,Free-Text
It's a huge confidence builder she said,8,Free-Text
Tal is my favourite chess player,8,Free-Text
A history of classical music criticism in america,8,Free-Text
Jimmy carter and the liberals just won't do,8,Free-Text
Why she replies you can hit that shot,8,Free-Text
Many commuter were fed up with the uncertainty,8,Free-Text
imagine you could fly,8,Free-Text
We have read the literature policy,8,Free-Text
What a brave new world,8,Free-Text
The process could take months experts say,8,Free-Text
Nobody said anything about lowering cable rates,8,Free-Text
The jerusalem post on the italian government,8,Free-Text
The menu warns of things to come,8,Free-Text
We think that is very exciting he said,7,Free-Text
Everything that has a beginning has an end,7,Free-Text
We'll have a good time she promised,7,Free-Text
They were released by the central electoral commission,7,Free-Text
Some were enjoying the half empty streets,7,Free-Text
there is no spoon,7,Free-Text
The men remained held without bond,7,Free-Text
Are you a careful reader of the newspaper,7,Free-Text
Among the specific measures planned are,7,Free-Text
Queensland slumped to its second defeat,7,Free-Text
Larry hull knew exactly what he wanted,7,Free-Text
Of course they hate bush even more,7,Free-Text
Teach your children study skills and time management,7,Free-Text
None in alexandria do so to my knowledge,7,Free-Text
Since then however it has been all woods,7,Free-Text
Tourists are hardly around nowadays he said,7,Free-Text
who is your daddy,7,Free-Text
The remaining money was split between other teams,7,Free-Text
Workers advocates say they can't blame employers,7,Free-Text
To be simple is to be great,7,Free-Text
Their lawyers said they planned to appeal,7,Free-Text
Things are changing in indonesia he said,7,Free-Text
But she has not left the national spotlight,7,Free-Text
The district court jailed him for three years,7,Free-Text
In fact this is his first drawing exhibition,6,Free-Text
Safety is our top priority she said,6,Free-Text
Woods in fact didn't say differently,6,Free-Text
Li is serving a nine year prison sentence,6,Free-Text
One commission member the dominican republic abstained,6,Free-Text
i am the best,6,Free-Text
And at least one judge agrees with him,6,Free-Text
Shepherd confirmed that messages were received,6,Free-Text
Dusty smith writes for the dayton daily news,6,Free-Text
Xinhua did not name the other countries,6,Free-Text
No excuses only a big punch,6,Free-Text
The old people power fad has humble beginnings,6,Free-Text
Among the races to watch in the west,6,Free-Text
In another match friday india faced south korea,6,Free-Text
Toughen lobbying disclosure and gift limits for congress,6,Free-Text
Games like tonight make the game very difficult,6,Free-Text
Take a walk on the wild side,6,Free-Text
He said many in the crowd are struggling,6,Free-Text
Meine Stimme ist mein Passwort,6,Free-Text
With aikman the rap was who knows,6,Free-Text
A classic clash of competing interests,6,Free-Text
Now sandy calls her father her best friend,6,Free-Text
There was no immediate response from police,6,Free-Text
And does terrorism help solve the problem,6,Free-Text
They were lucky most technology workers got less,6,Free-Text
Now she enjoys herself as never before,6,Free-Text
He expects to serve about six months,6,Free-Text
Viking players not the only ones sick,6,Free-Text
He said no final decision has been made,6,Free-Text
The strike is also hurting indian industries,6,Free-Text
On tuesday america's voters knew whom they believed,6,Free-Text
You killed my father prepare to die,6,Free-Text
My name is Inigo Montoya,6,Free-Text
Taylor is not a prisoner here she added,6,Free-Text
The trend could take some weeks analysts say,6,Free-Text
A camel is a horse designed by committew,6,Free-Text
"no pain,no gain",6,Free-Text
Was itself the result of tough bargaining,6,Free-Text
David the questioner replied i'm sorry,6,Free-Text
She was whipped by an ugly stick,6,Free-Text
Consultants look out the lawyers are coming,6,Free-Text
Many families with children were on board,6,Free-Text
Wheat followed corn and soybeans lower,6,Free-Text
Makes illegal presence in the country a felony,6,Free-Text
The coming digital disappointment isn't a local phenomenon,6,Free-Text
In addition to hungary his passion is television,6,Free-Text
He signs off with a thank you,6,Free-Text
This is not an unusual story,6,Free-Text
But hope for surprise springs eternal,6,Free-Text
I would like to book a flight please,6,Free-Text
He has since developed a taste for wine,6,Free-Text
For some companies signs of improvement are showing,6,Free-Text
Torn like leaves through europe is the peace,6,Free-Text
No suspects have been arrested he added,6,Free-Text
The other man was slightly wounded,5,Free-Text
Why you may ask was he wearing it,5,Free-Text
To goldstein she looked like a spoiled daughter,5,Free-Text
Our country is still not equal he said,5,Free-Text
No one here is getting rich he said,5,Free-Text
Scheduled speakers at the convention include,5,Free-Text
A vote by the house is expected soon,5,Free-Text
It's a very wonderful occasion he said,5,Free-Text
Written and directed by john cameron mitchell,5,Free-Text
Work and profits have been shared,5,Free-Text
Called fully automated seamless travel said,5,Free-Text
Flight also suggests visiting vineyards,5,Free-Text
His native south carolina hadn't let him down,5,Free-Text
Hi i'm sean he tells the associated press,5,Free-Text
The decision puts turkey's government in a bind,5,Free-Text
Foreign bulls head for the middle kingdom,5,Free-Text
Oh boy you and me both zimmer said,5,Free-Text
Only one managed to escape right away,5,Free-Text
Through one hundred ten four games,3,Free-Text
A singer in a trio january fifteen,3,Free-Text
Sells a wide range of food,3,Free-Text
every day is another chance,3,Free-Text
And in europe on october fifteen,3,Free-Text
Three hundred forty one in nineteen twelve,3,Free-Text
And introduce them to our higher power,3,Free-Text
Which tended more towards romantic comedies,3,Free-Text
Nineteen seventy one academy awards,3,Free-Text
With more than forty one dollars,3,Free-Text
What child doesn't enjoy the classic puzzle,3,Free-Text
His complete colored pencil book,3,Free-Text
The terms of her previous employment,3,Free-Text
According to dennis holt nineteen ninety nine,3,Free-Text
Then discusses the seven liberal arts,3,Free-Text
Than the ultimate desired product,3,Free-Text
The result was rapid erosion,3,Free-Text
Features a block of art galleries,3,Free-Text
Malaysia globe twenty thirteen,3,Free-Text
Two year extension of the bush tax cuts,3,Free-Text
Passing the atlanta flames,3,Free-Text
That's clearly a long term vision casey said,3,Free-Text
Are there young musicians who read the journal,3,Free-Text
The raid also yielded production equipment,3,Free-Text
John hayden number eighty five,3,Free-Text
At first life in hollywood was good,3,Free-Text
Which has led to its re acceptance,3,Free-Text
Which has released several albums,3,Free-Text
That the economy could be better off,3,Free-Text
Speedy gets to the construction site,3,Free-Text
Still apple officials gave an optimistic outlook,3,Free-Text
"no root, no fruit",3,Free-Text
Pointed out to him by john locke,3,Free-Text
And he finished twenty fourth in points,3,Free-Text
European winter tour twenty twelve and asian tour,3,Free-Text
In which he got good notices,3,Free-Text
Better late than never,3,Free-Text
The electorate turnout was thirty seven,3,Free-Text
The japanese workers soon joined them,3,Free-Text
She considered it a perfect job,3,Free-Text
Had brought together kelly,3,Free-Text
The associated press claims,3,Free-Text
And film director from compton,3,Free-Text
Silver foil two different images,3,Free-Text
Like many other males in his family,3,Free-Text
Upon his eventual exchange,3,Free-Text
And david keith as boone the cowboy,3,Free-Text
Sixteen eighty one and march four,3,Free-Text
The pilot project took off quickly,3,Free-Text
In his twenty first class appearances,3,Free-Text
The net effect of his policies,3,Free-Text
A member of parliament for derby,3,Free-Text
He also competed in the sixty meters,3,Free-Text
This appears in legends around the world,3,Free-Text
Were given to trinity college,3,Free-Text
Although some of the risk is genetic,3,Free-Text
When a sufficient number of vehicles were available,3,Free-Text
Just as the operation begins,3,Free-Text
School of criminal investigation,3,Free-Text
China's green food industry in full swing development,3,Free-Text
A man referred to as the hunter,3,Free-Text
The appointed military commander,3,Free-Text
The park was created in nineteen sixty six,3,Free-Text
When usage dropped one percentage point,3,Free-Text
During his military regime,3,Free-Text
Which is used to create the actual key,3,Free-Text
Due to poor and very rocky soil,3,Free-Text
While he is waiting for the ship,3,Free-Text
Minister for infrastructure and transport,3,Free-Text
to do something great,3,Free-Text
Finishing last in the eleven team tournament,3,Free-Text
They also captured the convoy,3,Free-Text
Descendants of manuel i of portugal,3,Free-Text
Group a consisted of ethiopia,3,Free-Text
The factory expanded into two new works,3,Free-Text
And females are now commonly found there,3,Free-Text
Despite the strength of wood,3,Free-Text
Public policies and government,3,Free-Text
First edition word of mouth was strong,3,Free-Text
And was employed as chief engineer,3,Free-Text
Because of the soil and climate,3,Free-Text
Fixed routes are the community bus routes,3,Free-Text
At the shore of san francisco bay,3,Free-Text
Prior to the defections,3,Free-Text
The existence of this structure is a necessary,3,Free-Text
Ten bushels of spring wheat,3,Free-Text
Which are usually the poorest,3,Free-Text
Fixed cost managed services,3,Free-Text
Other nonprofit groups that study poverty disagree,2,Free-Text
Make sure the doors are locked,2,Free-Text
Some days are better than others,2,Free-Text
But it doesn't stop people making the assertions,2,Free-Text
So how do the cowboys beat the blitz,2,Free-Text
We cannot make any serious prediction brooks said,2,Free-Text
They did so with a vengeance wednesday,2,Free-Text
Mas vale pajaro en mano que cien volando,2,Free-Text
Artificial Intelligent is for real,2,Free-Text
It is also a pretty big task,2,Free-Text
Europeans share your loss he said,2,Free-Text
But this year is unlike any other,2,Free-Text
"Hola, cmo ests y en que te puedo ayudar?",2,Free-Text
Whatever you are be a good one,2,Free-Text
Police contacted there declined to immediately comment,2,Free-Text
Only lawers love millionaires,2,Free-Text
But there were also voices of dissent,2,Free-Text
The celebration will go on until monday,2,Free-Text
Beleive you can and you're half way there,2,Free-Text
The massive drive involves three steps,2,Free-Text
Will you watch on television if you can,2,Free-Text
The alarm was raised by a family friend,2,Free-Text
Those batteries remained on full alert on monday,2,Free-Text
Still not a police station offense i'm thinking,2,Free-Text
Last year shenzhen port ranked seventh,2,Free-Text
The house bill makes three major changes,2,Free-Text
Prices will go up he said,2,Free-Text
Or for both teams avoid playing,2,Free-Text
He did not return phone calls,2,Free-Text
They said they rejected any protectionist measures,2,Free-Text
He was a good man she said,2,Free-Text
What are you talking about he asked,2,Free-Text
China's export growth heavily depended on foreign funded,2,Free-Text
Do you mind if my mother joins us,2,Free-Text
In beijing too the atmosphere changed,2,Free-Text
The monster is loose,2,Free-Text
And the location within the stream,1,Free-Text
The persian spring festival,1,Free-Text
The beginnings of a new genre,1,Free-Text
Has the following territorial history,1,Free-Text
This includes a full blood count,1,Free-Text
Known as the abraham stone,1,Free-Text
Daughter and three sons in new jersey,1,Free-Text
Explosion of the virginia,1,Free-Text
Due to political and economical reasons,1,Free-Text
Peoples do not have to patriotism,1,Free-Text
Nine window bays long and three deep,1,Free-Text
When wearing this traditional outfit,1,Free-Text
Situated on the castle hill,1,Free-Text
This is difficult for some adults to respect,1,Free-Text
And as such were largely nominal,1,Free-Text
To a personal understanding of the divine,1,Free-Text
It may also be a positive vow i,1,Free-Text
Or at least their digital collections,1,Free-Text
He was buried in gore hill cemetery,1,Free-Text
My whole life is like a hunger game,1,Free-Text
As well as architectural evidence,1,Free-Text
While she grew up methodist,1,Free-Text
The big four firms are shown below,1,Free-Text
The king had to get rid of him,1,Free-Text
As did john turner in nineteen seventy five,1,Free-Text
The germans sometimes had to retreat,1,Free-Text
Elliott reports it was much less intense,1,Free-Text
The royal northwest mounted police,1,Free-Text
Despite being of royal descent,1,Free-Text
Oppression of the lower classes,1,Free-Text
Wal mart however offered a different version,1,Free-Text
After a career as a professor and teacher,1,Free-Text
Compared with the nineteen eighty nine census,1,Free-Text
Processing and transporting natural gas and oil,1,Free-Text
Washington of his youth to commit suicide,1,Free-Text
Opening hours by appointment only are,1,Free-Text
Prior to spring two thousand and five,1,Free-Text
He is scheduled to start saturday's game,1,Free-Text
All while keeping their team payroll low,1,Free-Text
Its two doors for the cockpit,1,Free-Text
Compiled and edited by dorothy walsh,1,Free-Text
But both safely returned to port,1,Free-Text
Television and radio outlets,1,Free-Text
Simpson and norm o'neill all tried their arm,1,Free-Text
And behind them as many young women,1,Free-Text
Walter now turned against them,1,Free-Text
The movie's overall intention is good,1,Free-Text
Waters was invited to join the band,1,Free-Text
Five year counter strike player,1,Free-Text
These officials eventually reached an agreement,1,Free-Text
It repeated the feat in nineteen thirty seven,1,Free-Text
About the time of the iroquois project,1,Free-Text
To its west is buck creek mountain one,1,Free-Text
Through this reverse psychology,1,Free-Text
Woman when the power goes out,1,Free-Text
Off the beaten path of show business,1,Free-Text
Despite its obvious defensive design,1,Free-Text
This was enforced by american,1,Free-Text
Two thousand and four and june seventeen,1,Free-Text
Tennessee opened in august two thousand and six,1,Free-Text
She also referred to the two simpson children,1,Free-Text
Benson became a businessman and began selling cars,1,Free-Text
Multi modal biometrics is best,1,Free-Text
Where she covered economic development,1,Free-Text
There are two recorded species,1,Free-Text
He wrote for numerous newspapers,1,Free-Text
If they have any residual vision,1,Free-Text
Long building built in nineteen twenty seven,1,Free-Text
During which he flourished,1,Free-Text
In rome for a security conference,1,Free-Text
Raymond allen television actor,1,Free-Text
With new studios being built,1,Free-Text
He started south of the border,1,Free-Text
Turning its back on the present,1,Free-Text
Observe the provisions of the law on legislation,1,Free-Text
Until its closure in two thousand and one,1,Free-Text
Europe at the age of twelve,1,Free-Text
Could lead to bad policy decisions,1,Free-Text
Eight percent conversion efficiency,1,Free-Text
They should support the opposition he said,1,Free-Text
Though filmed entirely in the united states,1,Free-Text
Now in the northern premier league premier division,1,Free-Text
Outside life at the hospital,1,Free-Text
But did not give his personal opinion,1,Free-Text
She made thirty one runs at fifteen,1,Free-Text
The network's journalistic branch,1,Free-Text
Which became the voice of working class,1,Free-Text
Make a royalty deal with a publisher,1,Free-Text
As she had recently donated bone marrow,1,Free-Text
It appeared the siege would not end quickly,1,Free-Text
Registered urban unemployment rate around three percent,1,Free-Text
Except in unusual circumstances,1,Free-Text
Two hundred twenty eight from canada,1,Free-Text
Since no explosion was forthcoming,1,Free-Text
seventeen twenty two five at paris,1,Free-Text
And german about twenty five hundred,1,Free-Text
One of london's largest redevelopment projects,1,Free-Text
The successor state to two regimes that failed,1,Free-Text
It must have a large diameter,1,Free-Text
To represent the fifty fourth district,1,Free-Text
She walked out closing the door after her,1,Free-Text
The hierarchy enabled a host,1,Free-Text
Chairman and geoffrey boycott,1,Free-Text
A south carolina contractor,1,Free-Text
I had no occasion to make them,1,Free-Text
He has been very successful since their marriage,1,Free-Text
His professional music career,1,Free-Text
And the alliance benefit group,1,Free-Text
In wednesday's evening session australia played switzerland,1,Free-Text
Which was largely white around ninety,1,Free-Text
let there be light,1,Free-Text
The game was released in a rushed,1,Free-Text
Other findings released at the conference included,1,Free-Text
A related term is bookkeeping code,1,Free-Text
What is it drawing asks another child,1,Free-Text
David cooke royal navy officer,1,Free-Text
Scott reluctantly teams with a game warden,1,Free-Text
Even the policemen themselves played down the occasion,1,Free-Text
Deputy treasurer of illinois,1,Free-Text
Nineteen thirty nine to march twenty seven,1,Free-Text
With jones portrayed as a serious,1,Free-Text
A conversion he made in nineteen seventy two,1,Free-Text
Following a frustrating foray into trials,1,Free-Text
Transition to european corps,1,Free-Text
And the town itself entirely destroyed,1,Free-Text
But he looks so handsome without it,1,Free-Text
During a house party on the trip,1,Free-Text
But if not enough plants are available,1,Free-Text
She is very worried about this,1,Free-Text
Conceived and directed various stage shows,1,Free-Text
William swim june twenty four,1,Free-Text
Sometimes he felt on top of the world,1,Free-Text
Two versions entered service in nineteen twenty six,1,Free-Text
Outside of transportation purposes,1,Free-Text
And generated revenues of twelve dollars,1,Free-Text
Only eight voices of one choir sing,1,Free-Text
But has come to terms with his situation,1,Free-Text
Recovered by a hungarian vessel,1,Free-Text
Where he felt their country needed them,1,Free-Text
Died of burns forty eight hours later,1,Free-Text
Clair experienced substantial development,1,Free-Text
Jacob myers of rochester,1,Free-Text
If it is not very tourist oriented,1,Free-Text
ZZ Top ACDC Iron Maiden,1,Free-Text
This time the employees didn't sabotage the task,1,Free-Text
Sphere of government to national and provincial governments,1,Free-Text
The housing is built of light local materials,1,Free-Text
She draws heavily on history,1,Free-Text
As well as the public schools of brooklyn,1,Free-Text
Cellular field into a frenzy,1,Free-Text
Two structures and five objects,1,Free-Text
The longstanding trend of not settling lawsuits has,1,Free-Text
My passcode is the word sequence human being.,1,Free-Text
The subject governs the gender,1,Free-Text
Including indiana academic honors,1,Free-Text
What doesn't kill you make you stronger,1,Free-Text
And published his case of conscience,1,Free-Text
Looking to create a new singing group,1,Free-Text
Which operated sixteen stores,1,Free-Text
Libya still controlled approximately eleven,1,Free-Text
Passed the small constitution of nineteen nineteen,1,Free-Text
In the sixteen eighties sir alexander campbell,1,Free-Text
The show might miss me for five minutes,1,Free-Text
Most of them employed as doctors,1,Free-Text
And strike one begins tracking him,1,Free-Text
But willing to play along with them anyway,1,Free-Text
I think it impacts your comfort level,1,Free-Text
Cloth tribute king and three,1,Free-Text
I saw the image a thousand times,1,Free-Text
In red in each of these figures,1,Free-Text
They also sponsored the royal throne,1,Free-Text
Of various musical time periods,1,Free-Text
On rough trade records sam produced,1,Free-Text
Please verify me with the number,1,Free-Text
They have three daughters tamara,1,Free-Text
She startled and confused me,1,Free-Text
How does elizabeth taylor feel about the marriage,1,Free-Text
Dropping through the divisions,1,Free-Text
Who settled in sherman county in eighteen eighty,1,Free-Text
The album has sold fourteen,1,Free-Text
Which is available in different versions,1,Free-Text
And she remained through nineteen ninety six,1,Free-Text
And it was opened in nineteen forty three,1,Free-Text
Each is known for particular characteristics,1,Free-Text
Press me to your heart again,1,Free-Text
At the end of mountain lodge road,1,Free-Text
A person who asserts the freedom of another,1,Free-Text
Speaking on television on august fifteen,1,Free-Text
Of california in nineteen ninety seven,1,Free-Text
Alexander's movements are limited to the ship,1,Free-Text
The not our fault accident the same year,1,Free-Text
The music of which is lost,1,Free-Text
And the glory are yours now and for,1,Free-Text
Wounding one and capturing four,1,Free-Text
Winter is coming,1,Free-Text
And nuclear trigger devices,1,Free-Text
Shape and height was adjustable,1,Free-Text
But both the radio and the psychology failed,1,Free-Text
Thomas wilson virginia politician,1,Free-Text
He and his wife live in new orleans,1,Free-Text
The evolution of humans from other animals,1,Free-Text
After trying to start the car unsuccessfully,1,Free-Text
my kids are wonderful,1,Free-Text
He became a member of the royal society,1,Free-Text
Unlike the more common varieties,1,Free-Text
And a major export business,1,Free-Text
Varying from pop to soft rock,1,Free-Text
After the release of her first book,1,Free-Text
Which succeeded in seventeen forty five,1,Free-Text
Roy was kicked out of his position,1,Free-Text
Like the rest of dana point,1,Free-Text
China's silicon valley attracts high tech firms,1,Free-Text
His is the singing voice of gregory in,1,Free-Text
In the year following the agreement,1,Free-Text
Coach general manager pat quinn echoed that sentiment,1,Free-Text
He runs into the now destroyed kitchen,1,Free-Text
Thank you for your support he added,1,Free-Text
The joint chiefs of staff in washington,1,Free-Text
Whether or not they acknowledge that reality,1,Free-Text
A japanese manufacturing company,1,Free-Text
Cement again he said it obviously worked,1,Free-Text
Who was struggling early in the season,1,Free-Text
In an october two thousand and three incident,1,Free-Text
And leave their mark on society,1,Free-Text
Energy oil and gas and utilities,1,Free-Text
Usually played in late july,1,Free-Text
It is an unusual historical perspective,1,Free-Text
Officials at the institute strongly deny any wrongdoing,1,Free-Text
Chinese courts to adopt chief justice system,1,Free-Text
It is not actually a language at all,1,Free-Text
He accompanied the king wherever he went,1,Free-Text
Coordination among tours not good enough,1,Free-Text
Lost approximately three hundred,1,Free-Text
During an uprising in fifteen twenty five,1,Free-Text
Girl scouts of northern california,1,Free-Text
Dent was born in putnam county,1,Free-Text
Or approximately one foot per mile,1,Free-Text
Two thousand and one in western oregon,1,Free-Text
The loan would be extended without collateral,1,Free-Text
She said they laughed but understood her point,1,Free-Text
Elements of the company's conservation effort include,1,Free-Text
Were looking for a new home,1,Free-Text
The community had one church,1,Free-Text
Which was a british crown colony,1,Free-Text
Such as psychiatric medication,1,Free-Text
Trying to rescue his brother,1,Free-Text
Though there are spectacular exceptions,1,Free-Text
With continuous infusion if necessary,1,Free-Text
Each player examines his hand,1,Free-Text
It was released there on august twenty four,1,Free-Text
Even featured in a twenty eleven hollywood,1,Free-Text
The drivers were totally out of their element,1,Free-Text
Seventy nine percent of the vote in vermont,1,Free-Text
Passing through the town on their way,1,Free-Text
In related measures the foreign ministers,1,Free-Text
Recording two points and one rebound,1,Free-Text
Prior to joining sony pictures,1,Free-Text
The winner is determined by points i,1,Free-Text
Nineteen ninety five by former governor carroll campbell,1,Free-Text
The search engine sale hardly surprised industry insiders,1,Free-Text
The mediation efforts came under fire from baghdad,1,Free-Text
Afterward the talk shifted to politics,1,Free-Text
Not carrying forward her husband's legacy,1,Free-Text
Candidates campaigning at polling stations,1,Free-Text
And the inclusion of an armor system,1,Free-Text
Which would later become mobil oil,1,Free-Text
A donation of twenty dollars,1,Free-Text
He sang lead with a local band,1,Free-Text
The coliseum faithful probably would appreciate that,1,Free-Text
John butler wasn't unemployed for very long,1,Free-Text
Were effectively junior cars ever since,1,Free-Text
Not suitable for most gardens,1,Free-Text
But i think it's the most interesting,1,Free-Text
Including that of the scott river,1,Free-Text
Facilities at giant's grave improved,1,Free-Text
The film stars allison janney,1,Free-Text
Signaling the official end of the riots,1,Free-Text
After loading into your train,1,Free-Text
The word push in standard english,1,Free-Text
The doctor didn't believe that he would survive,1,Free-Text
Illinois by mexican natives,1,Free-Text
The division had only advanced about,1,Free-Text
In her lawsuit against marriott,1,Free-Text
The number usually changes,1,Free-Text
A sweetener usually sugar or honey,1,Free-Text
Grauw grijs groen gras,1,Free-Text
And wells township to the west,1,Free-Text
Thirty nine percent in two thousand and eight,1,Free-Text
Maurice allard january two,1,Free-Text
Two thousand and eight zurich open,1,Free-Text
The total length will be about nineteen,1,Free-Text
Illegal logging continued in the park,1,Free-Text
But their victory came at a price,1,Free-Text
The nomination must be approved by the senate,1,Free-Text
Two hundred ninety six or about addresses,1,Free-Text
The german naval base in china,1,Free-Text
Produced by wallace downey,1,Free-Text
It is the town's major tourist attraction,1,Free-Text
Clear channel media holdings,1,Free-Text
Rewrite man at national geographic,1,Free-Text
It was completed in sixteen seventy,1,Free-Text
First aired in fall two thousand and six,1,Free-Text
Which sits just across park avenue,1,Free-Text
Wednesday winston cup and busch grand national practice,1,Free-Text
I pointed this out to mayor russo,1,Free-Text
Everything has changed he said everything is destroyed,1,Free-Text
Though gibson was not there,1,Free-Text
Securing the street without joy,1,Free-Text
Week two the first nomination night,1,Free-Text
With novel special effects,1,Free-Text
He taught at the university of georgia,1,Free-Text
Gore cautioned against expecting too much,1,Free-Text
From a secular viewpoint,1,Free-Text
Were affected by the boycott,1,Free-Text
Voice and principles of teaching,1,Free-Text
The characters were as follows,1,Free-Text
Rock and then quickly reply with,1,Free-Text
Prohibited and illegal activities,1,Free-Text
After a chance encounter at the gym,1,Free-Text
An outstanding carved wood ceiling,1,Free-Text
"Hello, my name is Olda.",1,Free-Text
Not entire organized units,1,Free-Text
Which was used in original windows version,1,Free-Text
Brown chose as his election agent,1,Free-Text
Jerusalem in nineteen twenty four,1,Free-Text
Which is centered on port royal,1,Free-Text
Clair is sure that there is something wrong,1,Free-Text
Which is protected as a nature reserve,1,Free-Text
She is a partner in the company,1,Free-Text
Or a convenient stopping point,1,Free-Text
In his unfinished autobiography,1,Free-Text
Usually lasting one month,1,Free-Text
A significantly large sports hall,1,Free-Text
What follows next is a laugh riot,1,Free-Text
Critical response was largely positive,1,Free-Text
Analysts said that could not last for long,1,Free-Text
It represents writers working in television,1,Free-Text
I see no grounds for pessimism he said,1,Free-Text
Beans and hard bread rose to a premium,1,Free-Text
The people's theatre moved to its current site,1,Free-Text
And weighs roughly one hundred eighty pounds,1,Free-Text
Gross then returned to preparatory school,1,Free-Text
After the majority decision,1,Free-Text
Initially there was no change in organization,1,Free-Text
Beginning with a seven hundred thirty a,1,Free-Text
And injuries to his back and foot,1,Free-Text
Some of the most popular tourist spots are,1,Free-Text
Particularly the yellow spotted variety,1,Free-Text
Presenting a different sound and image,1,Free-Text
Usually to a single infant,1,Free-Text
Baker was only forty years old,1,Free-Text
Which is a versatile intermediate,1,Free-Text
Specializing in italian cars,1,Free-Text
And during nineteen fifty nine joy fountain,1,Free-Text
Maze prison hunger strikes and escape,1,Free-Text
Jimmy harris defensive back,1,Free-Text
The guy chester centre conference centre,1,Free-Text
At which point it is a divided highway,1,Free-Text
Merely twelve were actually used,1,Free-Text
Yes virginia boy all this stuff is real,1,Free-Text
Key dates for the election were,1,Free-Text
Organized and produced by ivan duran,1,Free-Text
That was one point for their team,1,Free-Text
Without purchasing the ticket,1,Free-Text
Preferably just before they die,1,Free-Text
The game also won many small awards,1,Free-Text
Such as ground handling fees,1,Free-Text
The framework was agreed in recent months,1,Free-Text
Among the participants involved,1,Free-Text
This deception was soon discovered,1,Free-Text
On five january nineteen twenty six,1,Free-Text
Ninety four more cases were confirmed,1,Free-Text
In both japan and australia,1,Free-Text
Excluding the red flag period,1,Free-Text
Functional a long time back but not now,1,Free-Text
They let her on board with angel,1,Free-Text
After nine months of production,1,Free-Text
Which put him out until march nineteen ninety,1,Free-Text
Which is based on hollywood,1,Free-Text
With three stages and one hundred acts,1,Free-Text
The maximum capacity of the present dam is,1,Free-Text
Upon recovery he returned to the front,1,Free-Text
It contains almost forty,1,Free-Text
Would finally decide to commit itself,1,Free-Text
And in the language of the period,1,Free-Text
The good faith provisions,1,Free-Text
But instead opted to pitch in college,1,Free-Text
Martha has big plans for santa,1,Free-Text
The malaysian central government,1,Free-Text
you are my friend,1,Free-Text
Ryan promised a super bowl appearance,1,Free-Text
Mobil officials weren't available for comment,1,Free-Text
Both of which were received very poorly,1,Free-Text
During construction over five,1,Free-Text
mangeons chers amis et buvons,1,Free-Text
On wild animal games they'd be riding them,1,Free-Text
As in the case of southeast asia,1,Free-Text
Pros simple assembly fun age appropriate affordable,1,Free-Text
Sparking some local controversy,1,Free-Text
Instead to go to movie theaters,1,Free-Text
Free to move up and down with growth,1,Free-Text
Two basic divisions of quantity,1,Free-Text
In the usually related account,1,Free-Text
So today it will be golf in french,1,Free-Text
It was founded on three june nineteen eighteen,1,Free-Text
Deploying to the persian gulf,1,Free-Text
By an ancient anglo saxon law,1,Free-Text
He sounds like a visionary,1,Free-Text
Birth of marketing ideas,1,Free-Text
General was all he could choke out,1,Free-Text
Under a fixed exchange rate regime,1,Free-Text
They toured throughout summer around the country,1,Free-Text
Central and east european network,1,Free-Text
A duet with an indonesia singer,1,Free-Text
Which received nearly half the votes cast,1,Free-Text
In europe much the same would happen,1,Free-Text
As the men stood close to each other,1,Free-Text
And without any distinctive odor and taste,1,Free-Text
Located about east of the city of pittsburgh,1,Free-Text
And the game returns to the title screen,1,Free-Text
Including ones linking delaware with new jersey,1,Free-Text
It was also in eighteen thirty five,1,Free-Text
Cultural properties of indonesia,1,Free-Text
Finishing in third place with three,1,Free-Text
On seven june against ireland,1,Free-Text
Joining another team in division three,1,Free-Text
Some from investigative journalism,1,Free-Text
He begins with a transfer,1,Free-Text
Lazard to join his brother,1,Free-Text
And another record slips out of its cover,1,Free-Text
Before moving into scouting,1,Free-Text
She is shocked that he accuses his lawyer,1,Free-Text
While performing beautiful football,1,Free-Text
It was turned over to the county,1,Free-Text
Fox had released her second album,1,Free-Text
Young california twenty eleven,1,Free-Text
Clayton has stated on several occasions,1,Free-Text
Partly stemming from the low budget,1,Free-Text
Information as of july seven,1,Free-Text
The results are still pending,1,Free-Text
Two diamonds at one point hidden in shoes,1,Free-Text
Maintenance procedures were in progress,1,Free-Text
Up to and including seizures,1,Free-Text
Psychologist and legal expert,1,Free-Text
The smallest successor group to great bulgaria,1,Free-Text
But loses the case in eighteen twelve,1,Free-Text
That is still democracy in action he said,1,Free-Text
His unique approach and sound,1,Free-Text
The necessary measures brook no delay kohl said,1,Free-Text
She crossed the bar in company with,1,Free-Text
No one suggested he should of course,1,Free-Text
Based on two thousand and four census,1,Free-Text
With major general frederick morgan,1,Free-Text
She purchased food for the two of them,1,Free-Text
Two thousand and six pacific rugby cup,1,Free-Text
And was shocked to meet india there,1,Free-Text
To assist in development of his land grant,1,Free-Text
Few employers know about day laborers center,1,Free-Text
Where he works for monarch property group,1,Free-Text
Future west eugene extension,1,Free-Text
Are used for content acquisition,1,Free-Text
Was nominated for two academy awards,1,Free-Text
Using the last equation,1,Free-Text
Due to a lack of spare parts,1,Free-Text
Immunity lasts even longer,1,Free-Text
This is subdivided into three units,1,Free-Text
Get a job pumping gasoline jones said,1,Free-Text
Upon returning to the reservation,1,Free-Text
Or return several times in a year,1,Free-Text
He was the attorney for erich koch,1,Free-Text
But do not usually dominate the game,1,Free-Text
Speaking of basements here's an unusual appeal,1,Free-Text
He published several history books,1,Free-Text
Causing a great deal of noise,1,Free-Text
At this point the military governor,1,Free-Text
Vowing to continue the campaign,1,Free-Text
On any other return during the point,1,Free-Text
Winning the first election,1,Free-Text
Water and soil degradation,1,Free-Text
While calling it a must read work,1,Free-Text
He enjoyed little success at county level,1,Free-Text
She gives in to a fancy wedding,1,Free-Text
After the three brothers sold,1,Free-Text
Our lady of peace and good voyage,1,Free-Text
Club changes from previous season,1,Free-Text
You couldn't get away from the thing,1,Free-Text
The fleet replacement squadron,1,Free-Text
Reforming in nineteen ninety one as undermine,1,Free-Text
Grew up in this neighborhood,1,Free-Text
When activated it releases a thick,1,Free-Text
Though neither brother has been drafted,1,Free-Text
The fate of the rescued cubans remains uncertain,1,Free-Text
Where he played in all four games,1,Free-Text
Specifically the report made these points,1,Free-Text
Such as being kind to others,1,Free-Text
More with less seeking ways to cut expenses,1,Free-Text
And then deployed to southeast asia,1,Free-Text
Which was destroyed by later graves,1,Free-Text
She was changed into a shearer bird,1,Free-Text
Published on may twenty three,1,Free-Text
Friday the thirteenth two thousand and nine version,1,Free-Text
With available third row seats,1,Free-Text
And over four hundred technicians,1,Free-Text
Another explanation for the spending it's an aberration,1,Free-Text
Along with its branch camps,1,Free-Text
Eight hundred ten three one thousand series,1,Free-Text
With its cross shaped floor plan,1,Free-Text
Do you have any suggestions she asked,1,Free-Text
The ballet involved every character in the play,1,Free-Text
And grace dies in the explosion,1,Free-Text
Although each scene was sold separately,1,Free-Text
Marshall allen is an american journalist,1,Free-Text
Because of the experiences of slavery,1,Free-Text
Published in tabloid size in nineteen twenty nine,1,Free-Text
It was defined as a secondary headache,1,Free-Text
The band kicked off their tour in europe,1,Free-Text
The immediate goal is enforcement she said,1,Free-Text
View point and southern cross,1,Free-Text
In total about twenty divisions,1,Free-Text
Four was released on october fifteen,1,Free-Text
Birmingham and at westminster school,1,Free-Text
Primarily aimed at young adults,1,Free-Text
In addition to the extensive book collection,1,Free-Text
Or when the battery is nearly depleted,1,Free-Text
So far she has been unsuccessful,1,Free-Text
Soil adjacent to the border,1,Free-Text
She has also joined the exiles,1,Free-Text
Together with additional poems,1,Free-Text
For greek orthodox use,1,Free-Text
Who led the party till march twenty ten,1,Free-Text
They usually have green eyes,1,Free-Text
He became determined to destroy su,1,Free-Text
Seize it as a command post,1,Free-Text
Self doubt and depression since childhood,1,Free-Text
With around eleven victories,1,Free-Text
Here the invisible end becomes poignant visibility,1,Free-Text
Including the people's choice awards,1,Free-Text
The station serves detroit lakes,1,Free-Text
Shortly after his victory over botha,1,Free-Text
There has never been a malaysian winner,1,Free-Text
Carter's husband will also be explored,1,Free-Text
He also co wrote through the years,1,Free-Text
But did not finish in the top six,1,Free-Text
And remains active most of the year,1,Free-Text
Production and research efforts,1,Free-Text
Her love of doing good by stealth,1,Free-Text
She also appeared on southland,1,Free-Text
Sounds like dennis jordan still might be wet,1,Free-Text
Appointed on october three,1,Free-Text
It was soon clear that burke,1,Free-Text
Three hundred forty three homes and apartments,1,Free-Text
Casual language voice commands,1,Free-Text
More featured guests are forthcoming,1,Free-Text
I hope they go to prison smith said,1,Free-Text
In all the company would erect one,1,Free-Text
In real or realistic geographical settings,1,Free-Text
Starting on december three,1,Free-Text
Spanish colonial revival projects,1,Free-Text
He provided a theory of measurement,1,Free-Text
The renovation added of new space,1,Free-Text
In europe in july two thousand and nine,1,Free-Text
They then put him in their hiding cage,1,Free-Text
The persian empire ceased to exist,1,Free-Text
Can't make their afternoon plans,1,Free-Text
But still one point from safety,1,Free-Text
Kennedy and the democratic study group,1,Free-Text
Wrote about music in image music text,1,Free-Text
Tung had requested the equipment he said,1,Free-Text
A census in seventeen twenty three showed three,1,Free-Text
Prior to the national challenge cup,1,Free-Text
In the middle of eight competing films,1,Free-Text
While he was on tour in america,1,Free-Text
Including james taylor moseley,1,Free-Text
Which are all under gauge conversion,1,Free-Text
Police on trail of spiritual adviser,1,Free-Text
At the conclusion of the training,1,Free-Text
Each team played a ten game schedule,1,Free-Text
None of these attacks caused any casualties,1,Free-Text
Which lies near the island's south central region,1,Free-Text
A piece of courage and days of glory,1,Free-Text
And lay alongside at twenty fifteen,1,Free-Text
In which he also played the lead role,1,Free-Text
Securing the series two one,1,Free-Text
Rose to fill the vacuum,1,Free-Text
Traded or allowed to sign elsewhere,1,Free-Text
A grand jury will review the shooting,1,Free-Text
A division of north atlantic books,1,Free-Text
During his oil industry career,1,Free-Text
And numerous prominent teachers and pastors,1,Free-Text
"The more laws, the less justice",1,Free-Text
For example white thermal noise,1,Free-Text
And put on your old brown shoes,1,Free-Text
Nothing indicated what was about to happen,1,Free-Text
The renaissance brought popularity to the genre,1,Free-Text
Is the fifth most prominent mountain in tennessee,1,Free-Text
Steven paul rooney born june twenty eight,1,Free-Text
News from the south of the island,1,Free-Text
Owners and founders of the brooklyn eagles,1,Free-Text
The governor general from eighteen twenty nine,1,Free-Text
The home league game against birmingham,1,Free-Text
Events in chess during the year twenty thirteen,1,Free-Text
These events are still remembered to this day,1,Free-Text
The series of the nature of mind,1,Free-Text
Foster education fund in honor of foster,1,Free-Text
The medical community too must change,1,Free-Text
Television and entire fine arts sector,1,Free-Text
Ten a point for the remaining six,1,Free-Text
Cleveland and milwaukee moved to the eastern division,1,Free-Text
The brink of what remains the question,1,Free-Text
Details of casualties were not immediately available,1,Free-Text
Back to the southern division,1,Free-Text
Teachers seek greater peace efforts in south,1,Free-Text
And he put his solo career on hold,1,Free-Text
Not allowing violations to continue,1,Free-Text
He also has a number of powers,1,Free-Text
Correspondent molly moore contributed to this report,1,Free-Text
Have investors lost faith in alan greenspan's magic,1,Free-Text
Following a third heart attack,1,Free-Text
Funeral arrangements were to be finalized monday,1,Free-Text
When nine hundred seventy three,1,Free-Text
Only featuring the bat symbol,1,Free-Text
And his horns measure tip to tip,1,Free-Text
my husband is wonderful too,1,Free-Text
Two rebounds per game as a senior,1,Free-Text
The design should take into account,1,Free-Text
Yet the school's violence had recently fallen,1,Free-Text
And the addition of several classrooms,1,Free-Text
Be a form of protest or revenge,1,Free-Text
Three outdoor concrete floor basketball courts,1,Free-Text
Had personally visited the plant,1,Free-Text
He led one hundred guerrilla scouts,1,Free-Text
Two thousand two thousand and nine extended jurisdiction,1,Free-Text
On the basis of royal nomination,1,Free-Text
A conservative start up american television network,1,Free-Text
Serve as research for his fiction,1,Free-Text
To emphasize this change,1,Free-Text
That the victims of arbitrary regimes,1,Free-Text
Meaning they would lead into battle,1,Free-Text
I was born in Haifa,1,Free-Text
Who had grown up in a poor neighborhood,1,Free-Text
Their cool meter is drained,1,Free-Text
Smith said money was found in the van,1,Free-Text
He was born at worcester in eighteen hundred,1,Free-Text
I think it would make it even better,1,Free-Text
The so called open architecture,1,Free-Text
He finished tied for fourth on his team,1,Free-Text
The birds in the forest are silent,1,Free-Text
Deere and company employed approximately sixty seven,1,Free-Text
Of the three hundred ten four aboard voyager,1,Free-Text
And living primarily underground,1,Free-Text
Following this short stint in the military,1,Free-Text
Taught children about self esteem,1,Free-Text
After examining the evidence,1,Free-Text
On the streets the problems are more immediate,1,Free-Text
But do these brain supplements work,1,Free-Text
Where he has played his entire career,1,Free-Text
Where he worked in many places,1,Free-Text
A match cut often involves a graphic match,1,Free-Text
Artists and advertising practitioners,1,Free-Text
And wallace that it was three minutes early,1,Free-Text
But to identify a group of candidates,1,Free-Text
He owns an old crown victoria,1,Free-Text
Harvesting and on site processing,1,Free-Text
What advice would ford leave for his successor,1,Free-Text
Thirty five children in her lifetime,1,Free-Text
Or at most gained only a short distance,1,Free-Text
In negotiations during the siege,1,Free-Text
Where he played almost the whole game,1,Free-Text
Due to a poorly translated test,1,Free-Text
Morris jones is an american television journalist,1,Free-Text
Working at an ice cream shop,1,Free-Text
In a grave shared with his wife,1,Free-Text
At the time morgan became governor,1,Free-Text
To only fifty cases two years later,1,Free-Text
Was appointed to undertake these works,1,Free-Text
Out of the twenty four states in india,1,Free-Text
Emirates officials are investigating the incident,1,Free-Text
Seminar models of scientific knowledge,1,Free-Text
Leaving behind a boyfriend,1,Free-Text
And stabilize its energy costs,1,Free-Text
And also call here twice each hour,1,Free-Text
Building on his work with brown,1,Free-Text
Now some point to another troubling example,1,Free-Text
Who were still living in japan,1,Free-Text
Before joining the times in nineteen ninety three,1,Free-Text
He became the iron man of the championship,1,Free-Text
Two hundred sixty nine million in nineteen ten,1,Free-Text
Bangladesh at the asian games,1,Free-Text
After the change was announced,1,Free-Text
After the first abbey was destroyed,1,Free-Text
And keeping social order,1,Free-Text
Visitor attractions and lots more,1,Free-Text
Mes animaux prfrs sont Einstein et Josphine,1,Free-Text
Sources the gallup poll the gallup youth survey,1,Free-Text
The village has a first school,1,Free-Text
Eighteen fifty seven in williamson county texas,1,Free-Text
And which is excited by a direct current,1,Free-Text
In a pure type of traditional rule,1,Free-Text
Including the vital panama canal,1,Free-Text
Touch green if the sample is green,1,Free-Text
One two thousand and four standards,1,Free-Text
Which raises ecological concerns,1,Free-Text
Bunker hill elementary school,1,Free-Text
With the buy more locked down,1,Free-Text
Such as suspicion of heavy metal poisoning,1,Free-Text
Were popular in italy and france,1,Free-Text
One of which makes up the restaurant train,1,Free-Text
We rewrite the formula as follows,1,Free-Text
Division street bridge rhode island,1,Free-Text
Being situated on an island,1,Free-Text
Louis joined the expedition,1,Free-Text
And use foam as a fire fighting agent,1,Free-Text
Which serve to reinforce the warning,1,Free-Text
A manager of the gun store,1,Free-Text
List of fathers and mothers of the house,1,Free-Text
We would have row and column totals,1,Free-Text
Among the ethnic vietnamese majority,1,Free-Text
Which produced both shows,1,Free-Text
Lawyers and business executives,1,Free-Text
Morgen is er weer een dag,1,Free-Text
While she was not born on british soil,1,Free-Text
Finds his early years an incredible ordeal,1,Free-Text
It's a vision that congress should fulfill,1,Free-Text
After concluding his service,1,Free-Text
Perhaps because captain vancouver had missed it,1,Free-Text
He is absolutely right on that point,1,Free-Text
Knoll and the design community,1,Free-Text
She joined the anti slavery society,1,Free-Text
Which can severely reduce visibility,1,Free-Text
See in particular formal power series,1,Free-Text
Had been elected in nineteen seventy five,1,Free-Text
Which made him an overnight star,1,Free-Text
Britain also won friday's two singles matches,1,Free-Text
Its boundaries have changed,1,Free-Text
Still the decision sparked an outcry in germany,1,Free-Text
And hundreds of individuals and corporate donors,1,Free-Text
Editor special issue of revision journal,1,Free-Text
I played with him for five years,1,Free-Text
From eighteen seventy six to eighteen ninety nine,1,Free-Text
At the beginning of eighteen sixty four,1,Free-Text
Country club is a neighborhood of denver,1,Free-Text
After joining the campaign,1,Free-Text
Occupation and corruption feed each other he said,1,Free-Text
The republic of kenya to the south,1,Free-Text
But in late two thousand and five,1,Free-Text
Mike mcgraw contributed to this report,1,Free-Text
The church currently runs a soup kitchen,1,Free-Text
And runs during the office hours,1,Free-Text
Which results in an average of seven,1,Free-Text
Each summer with the helena symphony,1,Free-Text
Said that as far as he knew,1,Free-Text
The ex jesuit john fischer,1,Free-Text
He will soon join you in your struggle,1,Free-Text
Science builds on previous knowledge,1,Free-Text
In comparison to his previous contract,1,Free-Text
Conflict arose from differences in artistic vision,1,Free-Text
Forming the carmel formation,1,Free-Text
With the various county police acts,1,Free-Text
Has seen the picture of his mind,1,Free-Text
The service provides news,1,Free-Text
During the national financial crisis,1,Free-Text
The agency's assessment was unchanged from last month,1,Free-Text
He employs remarkable restraint,1,Free-Text
This was italy's first win in second chance,1,Free-Text
The series was initiated in nineteen ninety three,1,Free-Text
Kim has denied his involvement in corruption allegations,1,Free-Text
Including drinking crude nineteen ninety seven,1,Free-Text
In nineteenth century england,1,Free-Text
I very like china,1,Free-Text
Bishop of hong kong at the time,1,Free-Text
He finally shows up at the hospital,1,Free-Text
During the majority of those years,1,Free-Text
Including the party committee secretary,1,Free-Text
Boeing revived the design for the tender,1,Free-Text
In total the site measures,1,Free-Text
It would be the biggest default in history,1,Free-Text
The medium in which it is accomplished,1,Free-Text
That application will be damaged,1,Free-Text
Scott and the last to hold this office,1,Free-Text
Schneider yeah we just don't like to talk,1,Free-Text
Bush raised twenty dollars,1,Free-Text
Heritage listing and restoration,1,Free-Text
According to hayward et al,1,Free-Text
Hezbollah said there were no casualties,1,Free-Text
Marvin was a huge star,1,Free-Text
In short has the asian boom fizzled,1,Free-Text
The road was opened in eighteen twenty eight,1,Free-Text
Structure and coordination properties,1,Free-Text
A part that he has played five times,1,Free-Text
There are very steep cliffs in this range,1,Free-Text
In a meeting between the group's founding members,1,Free-Text
She asks herself the same questions,1,Free-Text
Space and information operations in the pacific,1,Free-Text
Resulting in her having to move out,1,Free-Text
The first division colombia,1,Free-Text
Humpty Dumpty sat on a wall,1,Free-Text
A british offshore financial centre,1,Free-Text
But upon entering high school,1,Free-Text
Singles collected the seven versions,1,Free-Text
A position jackson had sought,1,Free-Text
The fleet is destroyed during a storm,1,Free-Text
The firm took over paging company,1,Free-Text
From guatemala with one of his armies and,1,Free-Text
Sometimes two or more lived together,1,Free-Text
This pattern of exploitation,1,Free-Text
Due to an increase in population,1,Free-Text
Until the subject reports hearing it,1,Free-Text
Polaroid developed an instant movie system,1,Free-Text
Was born there in nineteen thirty five,1,Free-Text
Is depicted as white in the comic book,1,Free-Text
Parts of wisconsin and illinois,1,Free-Text
Posting his three hundredth career win,1,Free-Text
In beijing during the nineteen nineties,1,Free-Text
And the largest female across,1,Free-Text
Born on sixteen september nineteen thirty one,1,Free-Text
Point blank nineteen seventy six album,1,Free-Text
After that race it was his team mate,1,Free-Text
Looking over the wedding certificate,1,Free-Text
Before meeting his future wife,1,Free-Text
That goal now seems at best more distant,1,Free-Text
Where he worked until the age of eighteen,1,Free-Text
While mafia wars offered the first,1,Free-Text
Reportedly to the thieves themselves,1,Free-Text
Despite the seemingly resolved issues,1,Free-Text
Group plants with similar moisture requirements,1,Free-Text
Eight percent of oil production and two,1,Free-Text
Four years of study after high school,1,Free-Text
Sixteen twenty four in plymouth,1,Free-Text
A man from a hindu background,1,Free-Text
A court spokesman was not available to comment,1,Free-Text
Some twenty million years later,1,Free-Text
Illinois and michigan in the early nineteen eighties,1,Free-Text
Michigan until july two thousand and nine,1,Free-Text
Signed in geneva on september sixteen,1,Free-Text
Youngstown state football game in youngstown,1,Free-Text
Exil Tiroir Rouge Benedictine Brandy,1,Free-Text
The fish has teeth under its tongue,1,Free-Text
This is not your father's gospel choir,1,Free-Text
The division returned to long beach,1,Free-Text
je suis ton pre,1,Free-Text
Like pittsburgh and wheeling,1,Free-Text
Signed locally as main street,1,Free-Text
They are scheduled to depart on saturday,1,Free-Text
Thousands of men were either put in prison,1,Free-Text
He declined to answer any other questions,1,Free-Text
It is a soft round white bread,1,Free-Text
Formerly a tourist attraction,1,Free-Text
Television series and printed media,1,Free-Text
Born two july nineteen seventy three,1,Free-Text
And as of april sixteen,1,Free-Text
Four millions set in twenty ten,1,Free-Text
Visual artist and painter,1,Free-Text
A urine diversion dry toilet,1,Free-Text
She learned how to cook by herself,1,Free-Text
And such research involves adult stem cells,1,Free-Text
And weighs one hundred sixty one pounds,1,Free-Text
Valued for its appearance,1,Free-Text
Appointed in july eighteen forty nine,1,Free-Text
General distribution and trading,1,Free-Text
Donated one hundred fifty dollars,1,Free-Text
Different regions evolved different versions,1,Free-Text
Jewelry and virtually every object conceivable,1,Free-Text
Evasion he added is a prescription for disaster,1,Free-Text
The conference of our lady of hope,1,Free-Text
But confusion delayed it until midnight,1,Free-Text
When alexander was ten years old,1,Free-Text
Shallow bays and submerged timber,1,Free-Text
The People's Republic of China,1,Free-Text
But it suspended its activities in nineteen thirteen,1,Free-Text
Calling it a good episode,1,Free-Text
And despite proving promising in testing,1,Free-Text
Defeated the team of big show and kane,1,Free-Text
Measure of damages under english law,1,Free-Text
Nor tickets printed for the station,1,Free-Text
Annually since two thousand and nine,1,Free-Text
Within a year of his appointment,1,Free-Text
On the afternoon of seventeen december,1,Free-Text
Thomas tom sloan born march five,1,Free-Text
During his time with dundee,1,Free-Text
Nine million on all its programs,1,Free-Text
Three by one hundred ten five,1,Free-Text
Such as we were all uprooted,1,Free-Text
The summit is scheduled in washington next wednesday,1,Free-Text
Was not taken seriously and,1,Free-Text
For the six months ended december thirty,1,Free-Text
Two hundred forty one beach haven,1,Free-Text
And the school's art and literary magazine,1,Free-Text
Medical and light industrial uses,1,Free-Text
The male shout structures,1,Free-Text
Using material from elsewhere,1,Free-Text
The college has fully functional,1,Free-Text
With consistent success in the sixth form,1,Free-Text
Names of apparent turkish origin,1,Free-Text
The final touch is of course a cigar,1,Free-Text
A private institution in manchester,1,Free-Text
Thereby destroying the cartel,1,Free-Text
And its offices were in several buildings,1,Free-Text
Eastern europe and south asia,1,Free-Text
London bridge in literature and popular culture,1,Free-Text
As she has for the past fifteen years,1,Free-Text
At which point they resigned,1,Free-Text
Including its founding and later locations,1,Free-Text
Unlike most revision control systems,1,Free-Text
Measurements every few hours,1,Free-Text
One hundred twenty the first division,1,Free-Text
Or official wins on other professional tours,1,Free-Text
The ordered human soul of virtues,1,Free-Text
Microsoft was slightly more clear in its announcement,1,Free-Text
Wood attended the common schools,1,Free-Text
And to monitor the health of the game,1,Free-Text
The band played shows in england,1,Free-Text
Oliver heritage presents technical articles,1,Free-Text
Pleasure island walt disney world resort,1,Free-Text
National health insurance scheme ghana,1,Free-Text
Which replaces one of the regional trains,1,Free-Text
Although turnout was just thirty six,1,Free-Text
As well as briefings for the foreign press,1,Free-Text
The new beginning on february ten,1,Free-Text
Pilots had already ratified the agreement,1,Free-Text
And she was forced to withdraw,1,Free-Text
Giving buffalo a first down,1,Free-Text
He protected the rich elaine shot back,1,Free-Text
Palestine in the early nineteenth century,1,Free-Text
Illustrated by wayne anthony still,1,Free-Text
The founder of modern vulcan logic,1,Free-Text
First president of erie railroad,1,Free-Text
Covering the unveiling of the sculpture,1,Free-Text
During the birmingham children's crusade,1,Free-Text
They gave food and water to the students,1,Free-Text
From a show taped october ten,1,Free-Text
And reduced her sentence from five to two,1,Free-Text
Casting pieces in bronze or aluminium,1,Free-Text
He has served as mayor on several occasions,1,Free-Text
Marching to link up with cooper,1,Free-Text
The union educational board,1,Free-Text
Melbourne two thousand and six,1,Free-Text
Hoping to be a businessman,1,Free-Text
The district traditionally has elected republicans recently,1,Free-Text
Japan's trade balance with asia in november,1,Free-Text
Just declaring as much miller said isn't enough,1,Free-Text
And sometimes by an anonymous third person voice,1,Free-Text
Joyce is the mother of the main character,1,Free-Text
And then turned down several more roles,1,Free-Text
Namely the black and white era,1,Free-Text
New jersey three in chicago,1,Free-Text
As promised in the white paper,1,Free-Text
A romanian diplomat stationed in london,1,Free-Text
One of the largest residences,1,Free-Text
For some the taping was eye opening,1,Free-Text
Winning the first division twice,1,Free-Text
Encouraged by this feasibility study,1,Free-Text
Score it a triple victory for new zealand,1,Free-Text
In his later years at the white house,1,Free-Text
And i'm not going to church any more,1,Free-Text
On this issue joined by justices ginsburg,1,Free-Text
And real time processing,1,Free-Text
In canada ethanol is blended into gasoline,1,Free-Text
But it has not been without controversy,1,Free-Text
No new teams joined division two,1,Free-Text
This phrase is my password,1,Free-Text
Others said the documents were disturbing,1,Free-Text
Except for the following features,1,Free-Text
They were broken up at their destination,1,Free-Text
Tournament bid automatic from big east conference,1,Free-Text
Twenty eleven on global television network,1,Free-Text
Often in avenue trees over busy urban areas,1,Free-Text
The field test came back negative he added,1,Free-Text
dota is goog game,1,Free-Text
Spain at the nineteen eighty winter olympics,1,Free-Text
While it was apparent that australia,1,Free-Text
Except for special exhibitions,1,Free-Text
Similar to stranded wires,1,Free-Text
We will pursue a private prosecution,1,Free-Text
No candidate could get a majority,1,Free-Text
According to watt and richard bell,1,Free-Text
An effective thermal smoke generator,1,Free-Text
Removed doubts and suspicions,1,Free-Text
Is not a product that improves performance,1,Free-Text
Eight hundred sixty four orders were made,1,Free-Text
Dart container corporation of mason,1,Free-Text
Up through the red sea and persian gulf,1,Free-Text
But its foundation was laid,1,Free-Text
John harvey of sports illustrated,1,Free-Text
Canada took over his position,1,Free-Text
The majority of whom are persian,1,Free-Text
In very much the same style,1,Free-Text
The back bone of the austrian fire service,1,Free-Text
Spending much time together,1,Free-Text
Two defendants were found not guilty thursday,1,Free-Text
And it can be made from wood pulp,1,Free-Text
"If you sell the cow,you sell her milk too.",1,Free-Text
Twenty twelve world club challenge,1,Free-Text
In the new york state guard,1,Free-Text
Then meets a friend at a concert rehearsal,1,Free-Text
As bought from traditional markets,1,Free-Text
Usually constructed with stone,1,Free-Text
Official sources by tradition cannot be named,1,Free-Text
Mcdermott was born in detroit,1,Free-Text
If he chooses the good ending,1,Free-Text
Qualification round third a division,1,Free-Text
And stanford is booked for twenty sixteen,1,Free-Text
A lawyer and an influential judge in boston,1,Free-Text
Which is used for many purposes,1,Free-Text
Between twenty six and twenty seven march,1,Free-Text
The vessel was expected to sail to libya,1,Free-Text
The series resumes at carolina on saturday,1,Free-Text
Self regulation of population sizes,1,Free-Text
The royal couple leaves friday for saudi arabia,1,Free-Text
Olsen has written academic books,1,Free-Text
German settlement in central and eastern europe,1,Free-Text
Aurore et Nathalianne sont mes deux filles,1,Free-Text
Has joined the family business,1,Free-Text
Although the sandwich is unknown in nearby boston,1,Free-Text
Investment capital shows faith in tin,1,Free-Text
Including one with singer michael jackson,1,Free-Text
A stationary weather camera,1,Free-Text
The band toured germany and scandinavia,1,Free-Text
Now known as the group of seventy five,1,Free-Text
Later registered as a political party,1,Free-Text
The presidential office denied the report as groundless,1,Free-Text
Texas is two hundred ninety eight,1,Free-Text
Where he chaired the labor advisory board,1,Free-Text
In preparation for their relocation,1,Free-Text
Twenty three june two thousand and four,1,Free-Text
Beijing join effort to plant trees,1,Free-Text
And one years respectively,1,Free-Text
Relations with west asia middle east,1,Free-Text
Among other key points of the bills are,1,Free-Text
Turkish championship one nineteen twenty two,1,Free-Text
I love to eat pizza,1,Free-Text
Three quarters of which are from women,1,Free-Text
And lent it to margaret mackenzie,1,Free-Text
Chris and ben agree to the idea,1,Free-Text
Where he works as a swimming coach,1,Free-Text
A division of lockheed aircraft,1,Free-Text
Dividend yields on the stocks hit new highs,1,Free-Text
Jackson launched a lawsuit against new line,1,Free-Text
His father the underwear you got on,1,Free-Text
But was unsure over british position,1,Free-Text
He lived mainly in france and belgium,1,Free-Text
European dance kind of album,1,Free-Text
Such as the forward pass,1,Free-Text
Each with forty two servants,1,Free-Text
Premise jamie coleman puts up with them,1,Free-Text
As with many previous governors,1,Free-Text
In philosophy from reed in nineteen sixty one,1,Free-Text
The power to raise and keep an army,1,Free-Text
Multiple item scales however,1,Free-Text
Where she worked as a teacher of swedish,1,Free-Text
I think she only lost confidence,1,Free-Text
But neither match had first class status,1,Free-Text
Even during the play of a hand,1,Free-Text
He tells them his own ghastly story,1,Free-Text
Who lived there for over one hundred years,1,Free-Text
Reaching number forty five in nineteen ninety two,1,Free-Text
There are no outstanding bills boren said,1,Free-Text
